Start,End,Event
2026-05-05T04:15:00Z,2026-05-05T04:30:00Z,HDR Oak MS
2026-05-05T04:30:00Z,2026-05-05T05:00:00Z,BAE Prog Coordination — course equivalence
2026-05-05T05:00:00Z,2026-05-05T05:15:00Z,HDR Oak MS
2026-05-05T05:15:00Z,2026-05-05T07:00:00Z,Hons Adrienne MS
2026-05-05T21:00:00Z,2026-05-05T21:15:00Z,1.5 hr at UniSC
2026-05-06T00:00:00Z,2026-05-06T00:15:00Z,BAE Prog Coordination
2026-05-06T00:15:00Z,2026-05-06T00:30:00Z,HDR Josh H
2026-05-06T01:00:00Z,2026-05-06T01:30:00Z,BAE Prog Coordination
2026-05-06T01:30:00Z,2026-05-06T02:15:00Z,Hons Adrinene MS
2026-05-06T03:00:00Z,2026-05-06T06:30:00Z,Hons Adrienne MS
2026-05-06T06:30:00Z,2026-05-06T07:00:00Z,Email catchup
2026-05-06T22:45:00Z,2026-05-06T23:00:00Z,Email catchup
2026-05-07T00:15:00Z,2026-05-07T00:30:00Z,Hons Adrienne MS
2026-05-07T01:30:00Z,2026-05-07T01:45:00Z,Hons Adrienne MS
2026-05-07T01:45:00Z,2026-05-07T02:00:00Z,HDR Josh
2026-05-07T03:00:00Z,2026-05-07T07:00:00Z,HDR Josh
2026-05-08T00:00:00Z,2026-05-08T00:15:00Z,Email cathcup
2026-05-08T00:15:00Z,2026-05-08T01:30:00Z,Hons Adrienne MS
2026-05-08T03:15:00Z,2026-05-08T05:15:00Z,Hons Adrienne MS
2026-05-08T05:15:00Z,2026-05-08T05:45:00Z,Email catchup
2026-05-08T05:45:00Z,2026-05-08T06:00:00Z,Hons Adrienne MS
2026-05-08T06:30:00Z,2026-05-08T07:15:00Z,Hons Adrinene MS
2026-05-14T06:00:00Z,2026-05-14T08:00:00Z,Drinks at St Lucy's
2026-05-22T01:00:00Z,2026-05-22T01:45:00Z,Discovery Session Discussion
2026-05-22T04:00:00Z,2026-05-22T04:45:00Z,SSTE L&T Special Project Team – Program Based Assessment
2026-05-24T23:00:00Z,2026-05-25T00:00:00Z,Email catchup
2026-05-25T00:00:00Z,2026-05-25T00:30:00Z,Hume PhD comittee
2026-05-25T00:30:00Z,2026-05-25T01:00:00Z,BAE Admin
2026-05-25T01:00:00Z,2026-05-25T02:15:00Z,Alice HDR
2026-05-25T03:00:00Z,2026-05-25T03:15:00Z,Email catchup
2026-05-25T03:15:00Z,2026-05-25T03:30:00Z,HDR Alice
2026-05-25T03:30:00Z,2026-05-25T05:00:00Z,SOE Report
2026-05-25T05:00:00Z,2026-05-25T05:30:00Z,SSTE L&T Special Project Team – Program Based Assessment
2026-05-25T05:00:00Z,2026-05-25T05:30:00Z,BAE Prog Coordination
2026-05-25T05:30:00Z,2026-05-25T06:30:00Z,SOE Report
2026-05-25T06:30:00Z,2026-05-25T06:45:00Z,Talk prep
2026-05-25T06:45:00Z,2026-05-25T07:00:00Z,HDR Alice
2026-05-25T21:00:00Z,2026-05-25T22:00:00Z,6.5 hrs at UniSC
2026-05-25T23:00:00Z,2026-05-25T23:15:00Z,Talk prep
2026-05-25T23:30:00Z,2026-05-26T00:00:00Z,Chat re SoE
2026-05-26T00:00:00Z,2026-05-26T01:00:00Z,SOE Report
2026-05-26T03:00:00Z,2026-05-26T04:00:00Z,Dave / Kylie
2026-05-26T04:00:00Z,2026-05-26T06:00:00Z,Animal Ecology Seminars
2026-05-26T06:15:00Z,2026-05-26T07:00:00Z,SoE Report
2026-05-26T21:00:00Z,2026-05-26T22:00:00Z,Whoel day at UniSC
2026-05-26T23:30:00Z,2026-05-27T00:00:00Z,IT Houskeeping
2026-05-27T00:00:00Z,2026-05-27T01:00:00Z,Oak HDR chat
2026-05-27T01:30:00Z,2026-05-27T01:45:00Z,IT Houskeeping
2026-05-27T01:45:00Z,2026-05-27T02:15:00Z,BAE Prog Coordination
2026-05-27T02:45:00Z,2026-05-27T03:00:00Z,IT housekeeping
2026-05-27T03:00:00Z,2026-05-27T05:00:00Z,SoE Report
2026-05-27T05:00:00Z,2026-05-27T05:30:00Z,Quick SoE Catchup
2026-05-27T05:30:00Z,2026-05-27T06:30:00Z,Bachelor of Sciences/PACE - directions meeting
2026-05-27T06:30:00Z,2026-05-27T07:00:00Z,BAE Prog Coordination
2026-05-27T23:30:00Z,2026-05-28T00:00:00Z,IT Housekeeping
2026-05-28T00:00:00Z,2026-05-28T00:15:00Z,Email catchup
2026-05-28T00:15:00Z,2026-05-28T00:30:00Z,FEA
2026-05-28T00:30:00Z,2026-05-28T01:00:00Z,IT Housekeeping
2026-05-28T01:00:00Z,2026-05-28T02:15:00Z,SoE Report
2026-05-28T03:00:00Z,2026-05-28T04:45:00Z,Talk prep
2026-05-28T04:40:00Z,2026-05-28T05:00:00Z,Bay Leadership - welcome / test present
2026-05-28T04:40:00Z,2026-05-28T05:00:00Z,Bay Leadership - welcome / test present
2026-05-28T05:00:00Z,2026-05-28T07:00:00Z,2026 Q2: Bay Leadership Forum
2026-05-28T20:45:00Z,2026-05-28T21:00:00Z,Owed 41.69 hours
2026-05-28T23:00:00Z,2026-05-28T23:15:00Z,BAE Prog Coordination
2026-05-28T23:15:00Z,2026-05-29T00:00:00Z,SoE Report
2026-05-29T00:00:00Z,2026-05-29T00:15:00Z,BAE Prog Coordination — contribution to online teaching doc
2026-05-29T00:15:00Z,2026-05-29T00:30:00Z,IT Housekeeping
2026-05-29T00:30:00Z,2026-05-29T02:15:00Z,MS Review — international mentoring
2026-05-29T03:00:00Z,2026-05-29T03:30:00Z,MS Review — international mentoring
2026-05-29T03:30:00Z,2026-05-29T04:45:00Z,BAE Prog Coordination
2026-05-29T04:00:00Z,2026-05-29T04:30:00Z,BAE PACE changes
2026-05-29T04:45:00Z,2026-05-29T05:30:00Z,MS Review — international mentoring
2026-05-29T05:45:00Z,2026-05-29T06:00:00Z,PD
2026-05-29T06:00:00Z,2026-05-29T06:15:00Z,Claim Dropbox
2026-05-29T06:15:00Z,2026-05-29T06:45:00Z,IT Housekeeping
2026-05-29T06:45:00Z,2026-05-29T07:00:00Z,NatBiodRev
2026-05-30T04:30:00Z,2026-05-30T06:00:00Z,MAP Bid
2026-05-31T04:00:00Z,2026-05-31T04:30:00Z,MPA Bid
2026-05-31T23:15:00Z,2026-05-31T23:30:00Z,IT Housekeeping
2026-05-31T23:30:00Z,2026-05-31T23:45:00Z,Email catchup
2026-05-31T23:45:00Z,2026-06-01T01:00:00Z,HDR Marina
2026-06-01T02:30:00Z,2026-06-01T02:45:00Z,Email catchup
2026-06-01T02:45:00Z,2026-06-01T03:00:00Z,HDR Oak
2026-06-01T04:00:00Z,2026-06-01T05:15:00Z,HDR Oak
2026-06-01T05:15:00Z,2026-06-01T06:45:00Z,Sessional requirements
2026-06-01T06:45:00Z,2026-06-01T07:00:00Z,Promotion support committee
2026-06-01T23:45:00Z,2026-06-02T00:00:00Z,Email catchup
2026-06-02T00:45:00Z,2026-06-02T01:00:00Z,BAE Prog Coordination
2026-06-02T01:00:00Z,2026-06-02T01:15:00Z,General admin
2026-06-02T01:15:00Z,2026-06-02T02:00:00Z,Nat Rev Biod
2026-06-02T03:45:00Z,2026-06-02T04:00:00Z,Email catchup
2026-06-02T04:00:00Z,2026-06-02T06:15:00Z,ANM203 Revisions
2026-06-02T06:15:00Z,2026-06-02T07:00:00Z,Promotion support committee
2026-06-02T23:00:00Z,2026-06-02T23:15:00Z,Promotion support
2026-06-02T23:15:00Z,2026-06-03T02:45:00Z,ANM203 Updating video
2026-06-03T03:30:00Z,2026-06-03T07:00:00Z,ANM203 Updating video
2026-06-03T23:15:00Z,2026-06-03T23:45:00Z,Email catchup
2026-06-03T23:45:00Z,2026-06-04T02:00:00Z,ANM203 Updating video
2026-06-04T03:30:00Z,2026-06-04T04:15:00Z,ANM203 Updating video
2026-06-04T05:30:00Z,2026-06-04T07:00:00Z,ANM203 Updating video
2026-06-04T23:00:00Z,2026-06-04T23:15:00Z,Email catchup
2026-06-04T23:15:00Z,2026-06-04T23:30:00Z,ANM302 admin
2026-06-04T23:30:00Z,2026-06-05T02:15:00Z,ANM203 Pre-semester prep
2026-06-05T03:00:00Z,2026-06-05T07:00:00Z,ANM203 Pre-semester prep
2026-06-07T22:00:00Z,2026-06-08T07:00:00Z,IMOS meeting?
2026-06-08T23:40:00Z,2026-06-09T00:40:00Z,Dentist
2026-06-09T03:00:00Z,2026-06-09T04:00:00Z,Pablo / Dave / Ross / Kylie
2026-06-09T23:00:00Z,2026-06-10T00:00:00Z,B Mar Sci - Initial Chat (Concept Brief)
2026-06-09T23:00:00Z,2026-06-10T00:00:00Z,PLOS Climate SE meeting 3
2026-06-10T00:00:00Z,2026-06-10T02:00:00Z,L2R Nutrient modelling
2026-06-11T23:00:00Z,2026-06-12T07:00:00Z,Nambour Show Day
2026-06-12T00:00:00Z,2026-06-12T01:00:00Z,Nur and Dave to chat
2026-06-16T02:00:00Z,2026-06-16T02:30:00Z,Pay balance for Bunya—see previous email from them
2026-06-18T21:00:00Z,2026-06-19T07:00:00Z,Flexi-time catchup day
2026-06-24T00:00:00Z,2026-06-24T01:00:00Z,HDR Final Thesis Presentation: Alice Pidd (SSTE)
2026-07-13T02:15:00Z,2026-07-13T03:15:00Z,BAE O Week SD
2026-07-13T02:15:00Z,2026-07-13T03:15:00Z,"Orientation (SC) – Bachelor of Animal Ecology\, Diploma in Anima"
2026-07-14T00:15:00Z,2026-07-14T01:15:00Z,BAE O Week FC
2026-07-14T00:15:00Z,2026-07-14T01:15:00Z,Orientation (FC) - Diploma in Animal Ecology
2026-07-14T00:15:00Z,2026-07-14T01:15:00Z,Orientation (FC) - Diploma in Animal Ecology
2026-07-15T23:00:00Z,2026-07-16T00:00:00Z,BAE O Week MB
2026-07-15T23:00:00Z,2026-07-16T00:00:00Z,"Orientation (MB) - Bachelor of Animal Ecology\, Diploma in Anima"
2026-07-20T03:00:00Z,2026-07-20T06:00:00Z,ANM203 Workshop
2026-07-23T05:00:00Z,2026-07-23T08:00:00Z,ANM203 Workshop
2026-07-23T23:00:00Z,2026-07-24T02:00:00Z,ANM203 Workshop
2026-07-24T05:00:00Z,2026-07-24T08:00:00Z,ANM203 Workshop
2026-07-26T19:45:00Z,2026-07-26T20:00:00Z,Week 2
2026-08-02T19:45:00Z,2026-08-02T20:00:00Z,Week 3
2026-08-09T19:45:00Z,2026-08-09T20:00:00Z,Week 4
2026-08-12T00:00:00Z,2026-08-12T02:00:00Z,Travel to Moreton
2026-08-12T02:00:00Z,2026-08-12T04:00:00Z,ANM302 Climate Change Debate
2026-08-12T04:00:00Z,2026-08-12T06:00:00Z,Travel from Moreton
2026-08-16T19:45:00Z,2026-08-16T20:00:00Z,Week 1
2026-08-21T22:00:00Z,2026-08-22T07:00:00Z,ANM302 Field trip
2026-08-23T19:45:00Z,2026-08-23T20:00:00Z,Week 6
2026-08-30T19:45:00Z,2026-08-30T20:00:00Z,Week 1
2026-09-06T19:45:00Z,2026-09-06T20:00:00Z,Week 1
2026-09-13T19:45:00Z,2026-09-13T20:00:00Z,Week 9
2026-09-20T19:45:00Z,2026-09-20T20:00:00Z,Week 10
2026-10-04T19:45:00Z,2026-10-04T20:00:00Z,Week 11
2026-10-11T19:45:00Z,2026-10-11T20:00:00Z,Week 12
NA,NA,EPC Subsequent Appointment (Osteopathy)
NA,NA,May Animal Ecology Seminar Series (AESS)
NA,NA,EPC Subsequent Appointment (Osteopathy)
